{"__symbolic":"module","version":4,"metadata":{"GridModule":{"__symbolic":"class","decorators":[{"__symbolic":"call","expression":{"__symbolic":"reference","module":"@angular/core","name":"NgModule","line":43,"character":1},"arguments":[{"imports":[{"__symbolic":"reference","module":"@angular/flex-layout/core","name":"CoreModule","line":44,"character":12}],"declarations":[{"__symbolic":"reference","name":"ɵgrid_privatec"},{"__symbolic":"reference","name":"ɵgrid_privatef"},{"__symbolic":"reference","name":"ɵgrid_privatei"},{"__symbolic":"reference","name":"ɵgrid_privatel"},{"__symbolic":"reference","name":"ɵgrid_privateo"},{"__symbolic":"reference","name":"ɵgrid_privater"},{"__symbolic":"reference","name":"ɵgrid_privateu"},{"__symbolic":"reference","name":"ɵgrid_privatex"},{"__symbolic":"reference","name":"ɵgrid_privateba"},{"__symbolic":"reference","name":"ɵgrid_privatebd"},{"__symbolic":"reference","name":"ɵgrid_privatebg"}],"exports":[{"__symbolic":"reference","name":"ɵgrid_privatec"},{"__symbolic":"reference","name":"ɵgrid_privatef"},{"__symbolic":"reference","name":"ɵgrid_privatei"},{"__symbolic":"reference","name":"ɵgrid_privatel"},{"__symbolic":"reference","name":"ɵgrid_privateo"},{"__symbolic":"reference","name":"ɵgrid_privater"},{"__symbolic":"reference","name":"ɵgrid_privateu"},{"__symbolic":"reference","name":"ɵgrid_privatex"},{"__symbolic":"reference","name":"ɵgrid_privateba"},{"__symbolic":"reference","name":"ɵgrid_privatebd"},{"__symbolic":"reference","name":"ɵgrid_privatebg"}]}]}],"members":{}},"ɵgrid_privatea":{"__symbolic":"class","extends":{"__symbolic":"reference","module":"@angular/flex-layout/core","name":"StyleBuilder","line":20,"character":43},"decorators":[{"__symbolic":"call","expression":{"__symbolic":"reference","module":"@angular/core","name":"Injectable","line":19,"character":1},"arguments":[{"providedIn":"root"}]}],"members":{"buildStyles":[{"__symbolic":"method"}]},"statics":{"ɵprov":{}}},"ɵgrid_privateb":{"__symbolic":"class","extends":{"__symbolic":"reference","module":"@angular/flex-layout/core","name":"BaseDirective2","line":27,"character":40},"decorators":[{"__symbolic":"call","expression":{"__symbolic":"reference","module":"@angular/core","name":"Directive","line":26,"character":1}}],"members":{"__ctor__":[{"__symbolic":"constructor","parameters":[{"__symbolic":"reference","module":"@angular/core","name":"ElementRef","line":31,"character":26},{"__symbolic":"reference","name":"ɵgrid_privatea"},{"__symbolic":"reference","module":"@angular/flex-layout/core","name":"StyleUtils","line":33,"character":22},{"__symbolic":"reference","module":"@angular/flex-layout/core","name":"MediaMarshaller","line":34,"character":23}]}]}},"ɵgrid_privatec":{"__symbolic":"class","extends":{"__symbolic":"reference","name":"ɵgrid_privateb"},"decorators":[{"__symbolic":"call","expression":{"__symbolic":"reference","module":"@angular/core","name":"Directive","line":66,"character":1},"arguments":[{"selector":"\n  [gdGridAlign],\n  [gdGridAlign.xs], [gdGridAlign.sm], [gdGridAlign.md], [gdGridAlign.lg],[gdGridAlign.xl],\n  [gdGridAlign.lt-sm], [gdGridAlign.lt-md], [gdGridAlign.lt-lg], [gdGridAlign.lt-xl],\n  [gdGridAlign.gt-xs], [gdGridAlign.gt-sm], [gdGridAlign.gt-md], [gdGridAlign.gt-lg]\n","inputs":["gdGridAlign","gdGridAlign.xs","gdGridAlign.sm","gdGridAlign.md","gdGridAlign.lg","gdGridAlign.xl","gdGridAlign.lt-sm","gdGridAlign.lt-md","gdGridAlign.lt-lg","gdGridAlign.lt-xl","gdGridAlign.gt-xs","gdGridAlign.gt-sm","gdGridAlign.gt-md","gdGridAlign.gt-lg"]}]}],"members":{}},"ɵgrid_privated":{"__symbolic":"class","extends":{"__symbolic":"reference","module":"@angular/flex-layout/core","name":"StyleBuilder","line":25,"character":50},"decorators":[{"__symbolic":"call","expression":{"__symbolic":"reference","module":"@angular/core","name":"Injectable","line":24,"character":1},"arguments":[{"providedIn":"root"}]}],"members":{"buildStyles":[{"__symbolic":"method"}]},"statics":{"ɵprov":{}}},"ɵgrid_privatee":{"__symbolic":"class","extends":{"__symbolic":"reference","module":"@angular/flex-layout/core","name":"BaseDirective2","line":32,"character":47},"decorators":[{"__symbolic":"call","expression":{"__symbolic":"reference","module":"@angular/core","name":"Directive","line":31,"character":1}}],"members":{"inline":[{"__symbolic":"property","decorators":[{"__symbolic":"call","expression":{"__symbolic":"reference","module":"@angular/core","name":"Input","line":36,"character":3},"arguments":["gdInline"]}]}],"__ctor__":[{"__symbolic":"constructor","parameters":[{"__symbolic":"reference","module":"@angular/core","name":"ElementRef","line":41,"character":26},{"__symbolic":"reference","name":"ɵgrid_privated"},{"__symbolic":"reference","module":"@angular/flex-layout/core","name":"StyleUtils","line":43,"character":22},{"__symbolic":"reference","module":"@angular/flex-layout/core","name":"MediaMarshaller","line":44,"character":23}]}],"updateWithValue":[{"__symbolic":"method"}]}},"ɵgrid_privatef":{"__symbolic":"class","extends":{"__symbolic":"reference","name":"ɵgrid_privatee"},"decorators":[{"__symbolic":"call","expression":{"__symbolic":"reference","module":"@angular/core","name":"Directive","line":85,"character":1},"arguments":[{"selector":"\n  [gdAlignColumns],\n  [gdAlignColumns.xs], [gdAlignColumns.sm], [gdAlignColumns.md],\n  [gdAlignColumns.lg], [gdAlignColumns.xl], [gdAlignColumns.lt-sm],\n  [gdAlignColumns.lt-md], [gdAlignColumns.lt-lg], [gdAlignColumns.lt-xl],\n  [gdAlignColumns.gt-xs], [gdAlignColumns.gt-sm], [gdAlignColumns.gt-md],\n  [gdAlignColumns.gt-lg]\n","inputs":["gdAlignColumns","gdAlignColumns.xs","gdAlignColumns.sm","gdAlignColumns.md","gdAlignColumns.lg","gdAlignColumns.xl","gdAlignColumns.lt-sm","gdAlignColumns.lt-md","gdAlignColumns.lt-lg","gdAlignColumns.lt-xl","gdAlignColumns.gt-xs","gdAlignColumns.gt-sm","gdAlignColumns.gt-md","gdAlignColumns.gt-lg"]}]}],"members":{}},"ɵgrid_privateg":{"__symbolic":"class","extends":{"__symbolic":"reference","module":"@angular/flex-layout/core","name":"StyleBuilder","line":25,"character":47},"decorators":[{"__symbolic":"call","expression":{"__symbolic":"reference","module":"@angular/core","name":"Injectable","line":24,"character":1},"arguments":[{"providedIn":"root"}]}],"members":{"buildStyles":[{"__symbolic":"method"}]},"statics":{"ɵprov":{}}},"ɵgrid_privateh":{"__symbolic":"class","extends":{"__symbolic":"reference","module":"@angular/flex-layout/core","name":"BaseDirective2","line":32,"character":44},"decorators":[{"__symbolic":"call","expression":{"__symbolic":"reference","module":"@angular/core","name":"Directive","line":31,"character":1}}],"members":{"inline":[{"__symbolic":"property","decorators":[{"__symbolic":"call","expression":{"__symbolic":"reference","module":"@angular/core","name":"Input","line":36,"character":3},"arguments":["gdInline"]}]}],"__ctor__":[{"__symbolic":"constructor","parameters":[{"__symbolic":"reference","module":"@angular/core","name":"ElementRef","line":41,"character":26},{"__symbolic":"reference","name":"ɵgrid_privateg"},{"__symbolic":"reference","module":"@angular/flex-layout/core","name":"StyleUtils","line":43,"character":22},{"__symbolic":"reference","module":"@angular/flex-layout/core","name":"MediaMarshaller","line":44,"character":23}]}],"updateWithValue":[{"__symbolic":"method"}]}},"ɵgrid_privatei":{"__symbolic":"class","extends":{"__symbolic":"reference","name":"ɵgrid_privateh"},"decorators":[{"__symbolic":"call","expression":{"__symbolic":"reference","module":"@angular/core","name":"Directive","line":85,"character":1},"arguments":[{"selector":"\n  [gdAlignRows],\n  [gdAlignRows.xs], [gdAlignRows.sm], [gdAlignRows.md],\n  [gdAlignRows.lg], [gdAlignRows.xl], [gdAlignRows.lt-sm],\n  [gdAlignRows.lt-md], [gdAlignRows.lt-lg], [gdAlignRows.lt-xl],\n  [gdAlignRows.gt-xs], [gdAlignRows.gt-sm], [gdAlignRows.gt-md],\n  [gdAlignRows.gt-lg]\n","inputs":["gdAlignRows","gdAlignRows.xs","gdAlignRows.sm","gdAlignRows.md","gdAlignRows.lg","gdAlignRows.xl","gdAlignRows.lt-sm","gdAlignRows.lt-md","gdAlignRows.lt-lg","gdAlignRows.lt-xl","gdAlignRows.gt-xs","gdAlignRows.gt-sm","gdAlignRows.gt-md","gdAlignRows.gt-lg"]}]}],"members":{}},"ɵgrid_privatej":{"__symbolic":"class","extends":{"__symbolic":"reference","module":"@angular/flex-layout/core","name":"StyleBuilder","line":19,"character":42},"decorators":[{"__symbolic":"call","expression":{"__symbolic":"reference","module":"@angular/core","name":"Injectable","line":18,"character":1},"arguments":[{"providedIn":"root"}]}],"members":{"buildStyles":[{"__symbolic":"method"}]},"statics":{"ɵprov":{}}},"ɵgrid_privatek":{"__symbolic":"class","extends":{"__symbolic":"reference","module":"@angular/flex-layout/core","name":"BaseDirective2","line":26,"character":39},"decorators":[{"__symbolic":"call","expression":{"__symbolic":"reference","module":"@angular/core","name":"Directive","line":25,"character":1}}],"members":{"__ctor__":[{"__symbolic":"constructor","parameters":[{"__symbolic":"reference","module":"@angular/core","name":"ElementRef","line":30,"character":21},{"__symbolic":"reference","module":"@angular/flex-layout/core","name":"StyleUtils","line":31,"character":26},{"__symbolic":"reference","name":"ɵgrid_privatej"},{"__symbolic":"reference","module":"@angular/flex-layout/core","name":"MediaMarshaller","line":33,"character":23}]}]}},"ɵgrid_privatel":{"__symbolic":"class","extends":{"__symbolic":"reference","name":"ɵgrid_privatek"},"decorators":[{"__symbolic":"call","expression":{"__symbolic":"reference","module":"@angular/core","name":"Directive","line":61,"character":1},"arguments":[{"selector":"\n  [gdArea],\n  [gdArea.xs], [gdArea.sm], [gdArea.md], [gdArea.lg], [gdArea.xl],\n  [gdArea.lt-sm], [gdArea.lt-md], [gdArea.lt-lg], [gdArea.lt-xl],\n  [gdArea.gt-xs], [gdArea.gt-sm], [gdArea.gt-md], [gdArea.gt-lg]\n","inputs":["gdArea","gdArea.xs","gdArea.sm","gdArea.md","gdArea.lg","gdArea.xl","gdArea.lt-sm","gdArea.lt-md","gdArea.lt-lg","gdArea.lt-xl","gdArea.gt-xs","gdArea.gt-sm","gdArea.gt-md","gdArea.gt-lg"]}]}],"members":{}},"ɵgrid_privatem":{"__symbolic":"class","extends":{"__symbolic":"reference","module":"@angular/flex-layout/core","name":"StyleBuilder","line":25,"character":42},"decorators":[{"__symbolic":"call","expression":{"__symbolic":"reference","module":"@angular/core","name":"Injectable","line":24,"character":1},"arguments":[{"providedIn":"root"}]}],"members":{"buildStyles":[{"__symbolic":"method"}]},"statics":{"ɵprov":{}}},"ɵgrid_privaten":{"__symbolic":"class","extends":{"__symbolic":"reference","module":"@angular/flex-layout/core","name":"BaseDirective2","line":37,"character":40},"decorators":[{"__symbolic":"call","expression":{"__symbolic":"reference","module":"@angular/core","name":"Directive","line":36,"character":1}}],"members":{"inline":[{"__symbolic":"property","decorators":[{"__symbolic":"call","expression":{"__symbolic":"reference","module":"@angular/core","name":"Input","line":41,"character":3},"arguments":["gdInline"]}]}],"__ctor__":[{"__symbolic":"constructor","parameters":[{"__symbolic":"reference","module":"@angular/core","name":"ElementRef","line":46,"character":21},{"__symbolic":"reference","module":"@angular/flex-layout/core","name":"StyleUtils","line":47,"character":26},{"__symbolic":"reference","name":"ɵgrid_privatem"},{"__symbolic":"reference","module":"@angular/flex-layout/core","name":"MediaMarshaller","line":49,"character":23}]}],"updateWithValue":[{"__symbolic":"method"}]}},"ɵgrid_privateo":{"__symbolic":"class","extends":{"__symbolic":"reference","name":"ɵgrid_privaten"},"decorators":[{"__symbolic":"call","expression":{"__symbolic":"reference","module":"@angular/core","name":"Directive","line":86,"character":1},"arguments":[{"selector":"\n  [gdAreas],\n  [gdAreas.xs], [gdAreas.sm], [gdAreas.md], [gdAreas.lg], [gdAreas.xl],\n  [gdAreas.lt-sm], [gdAreas.lt-md], [gdAreas.lt-lg], [gdAreas.lt-xl],\n  [gdAreas.gt-xs], [gdAreas.gt-sm], [gdAreas.gt-md], [gdAreas.gt-lg]\n","inputs":["gdAreas","gdAreas.xs","gdAreas.sm","gdAreas.md","gdAreas.lg","gdAreas.xl","gdAreas.lt-sm","gdAreas.lt-md","gdAreas.lt-lg","gdAreas.lt-xl","gdAreas.gt-xs","gdAreas.gt-sm","gdAreas.gt-md","gdAreas.gt-lg"]}]}],"members":{}},"ɵgrid_privatep":{"__symbolic":"class","extends":{"__symbolic":"reference","module":"@angular/flex-layout/core","name":"StyleBuilder","line":24,"character":42},"decorators":[{"__symbolic":"call","expression":{"__symbolic":"reference","module":"@angular/core","name":"Injectable","line":23,"character":1},"arguments":[{"providedIn":"root"}]}],"members":{"buildStyles":[{"__symbolic":"method"}]},"statics":{"ɵprov":{}}},"ɵgrid_privateq":{"__symbolic":"class","extends":{"__symbolic":"reference","module":"@angular/flex-layout/core","name":"BaseDirective2","line":41,"character":39},"decorators":[{"__symbolic":"call","expression":{"__symbolic":"reference","module":"@angular/core","name":"Directive","line":40,"character":1}}],"members":{"inline":[{"__symbolic":"property","decorators":[{"__symbolic":"call","expression":{"__symbolic":"reference","module":"@angular/core","name":"Input","line":42,"character":3},"arguments":["gdInline"]}]}],"__ctor__":[{"__symbolic":"constructor","parameters":[{"__symbolic":"reference","module":"@angular/core","name":"ElementRef","line":49,"character":26},{"__symbolic":"reference","name":"ɵgrid_privatep"},{"__symbolic":"reference","module":"@angular/flex-layout/core","name":"StyleUtils","line":51,"character":22},{"__symbolic":"reference","module":"@angular/flex-layout/core","name":"MediaMarshaller","line":52,"character":23}]}],"updateWithValue":[{"__symbolic":"method"}]}},"ɵgrid_privater":{"__symbolic":"class","extends":{"__symbolic":"reference","name":"ɵgrid_privateq"},"decorators":[{"__symbolic":"call","expression":{"__symbolic":"reference","module":"@angular/core","name":"Directive","line":88,"character":1},"arguments":[{"selector":"\n  [gdAuto],\n  [gdAuto.xs], [gdAuto.sm], [gdAuto.md], [gdAuto.lg], [gdAuto.xl],\n  [gdAuto.lt-sm], [gdAuto.lt-md], [gdAuto.lt-lg], [gdAuto.lt-xl],\n  [gdAuto.gt-xs], [gdAuto.gt-sm], [gdAuto.gt-md], [gdAuto.gt-lg]\n","inputs":["gdAuto","gdAuto.xs","gdAuto.sm","gdAuto.md","gdAuto.lg","gdAuto.xl","gdAuto.lt-sm","gdAuto.lt-md","gdAuto.lt-lg","gdAuto.lt-xl","gdAuto.gt-xs","gdAuto.gt-sm","gdAuto.gt-md","gdAuto.gt-lg"]}]}],"members":{}},"ɵgrid_privates":{"__symbolic":"class","extends":{"__symbolic":"reference","module":"@angular/flex-layout/core","name":"StyleBuilder","line":19,"character":44},"decorators":[{"__symbolic":"call","expression":{"__symbolic":"reference","module":"@angular/core","name":"Injectable","line":18,"character":1},"arguments":[{"providedIn":"root"}]}],"members":{"buildStyles":[{"__symbolic":"method"}]},"statics":{"ɵprov":{}}},"ɵgrid_privatet":{"__symbolic":"class","extends":{"__symbolic":"reference","module":"@angular/flex-layout/core","name":"BaseDirective2","line":26,"character":41},"decorators":[{"__symbolic":"call","expression":{"__symbolic":"reference","module":"@angular/core","name":"Directive","line":25,"character":1}}],"members":{"__ctor__":[{"__symbolic":"constructor","parameters":[{"__symbolic":"reference","module":"@angular/core","name":"ElementRef","line":29,"character":26},{"__symbolic":"reference","name":"ɵgrid_privates"},{"__symbolic":"reference","module":"@angular/flex-layout/core","name":"StyleUtils","line":31,"character":22},{"__symbolic":"reference","module":"@angular/flex-layout/core","name":"MediaMarshaller","line":32,"character":23}]}]}},"ɵgrid_privateu":{"__symbolic":"class","extends":{"__symbolic":"reference","name":"ɵgrid_privatet"},"decorators":[{"__symbolic":"call","expression":{"__symbolic":"reference","module":"@angular/core","name":"Directive","line":61,"character":1},"arguments":[{"selector":"\n  [gdColumn],\n  [gdColumn.xs], [gdColumn.sm], [gdColumn.md], [gdColumn.lg], [gdColumn.xl],\n  [gdColumn.lt-sm], [gdColumn.lt-md], [gdColumn.lt-lg], [gdColumn.lt-xl],\n  [gdColumn.gt-xs], [gdColumn.gt-sm], [gdColumn.gt-md], [gdColumn.gt-lg]\n","inputs":["gdColumn","gdColumn.xs","gdColumn.sm","gdColumn.md","gdColumn.lg","gdColumn.xl","gdColumn.lt-sm","gdColumn.lt-md","gdColumn.lt-lg","gdColumn.lt-xl","gdColumn.gt-xs","gdColumn.gt-sm","gdColumn.gt-md","gdColumn.gt-lg"]}]}],"members":{}},"ɵgrid_privatev":{"__symbolic":"class","extends":{"__symbolic":"reference","module":"@angular/flex-layout/core","name":"StyleBuilder","line":25,"character":45},"decorators":[{"__symbolic":"call","expression":{"__symbolic":"reference","module":"@angular/core","name":"Injectable","line":24,"character":1},"arguments":[{"providedIn":"root"}]}],"members":{"buildStyles":[{"__symbolic":"method"}]},"statics":{"ɵprov":{}}},"ɵgrid_privatew":{"__symbolic":"class","extends":{"__symbolic":"reference","module":"@angular/flex-layout/core","name":"BaseDirective2","line":47,"character":42},"decorators":[{"__symbolic":"call","expression":{"__symbolic":"reference","module":"@angular/core","name":"Directive","line":46,"character":1}}],"members":{"inline":[{"__symbolic":"property","decorators":[{"__symbolic":"call","expression":{"__symbolic":"reference","module":"@angular/core","name":"Input","line":50,"character":3},"arguments":["gdInline"]}]}],"__ctor__":[{"__symbolic":"constructor","parameters":[{"__symbolic":"reference","module":"@angular/core","name":"ElementRef","line":55,"character":26},{"__symbolic":"reference","name":"ɵgrid_privatev"},{"__symbolic":"reference","module":"@angular/flex-layout/core","name":"StyleUtils","line":57,"character":22},{"__symbolic":"reference","module":"@angular/flex-layout/core","name":"MediaMarshaller","line":58,"character":23}]}],"updateWithValue":[{"__symbolic":"method"}]}},"ɵgrid_privatex":{"__symbolic":"class","extends":{"__symbolic":"reference","name":"ɵgrid_privatew"},"decorators":[{"__symbolic":"call","expression":{"__symbolic":"reference","module":"@angular/core","name":"Directive","line":96,"character":1},"arguments":[{"selector":"\n  [gdColumns],\n  [gdColumns.xs], [gdColumns.sm], [gdColumns.md], [gdColumns.lg], [gdColumns.xl],\n  [gdColumns.lt-sm], [gdColumns.lt-md], [gdColumns.lt-lg], [gdColumns.lt-xl],\n  [gdColumns.gt-xs], [gdColumns.gt-sm], [gdColumns.gt-md], [gdColumns.gt-lg]\n","inputs":["gdColumns","gdColumns.xs","gdColumns.sm","gdColumns.md","gdColumns.lg","gdColumns.xl","gdColumns.lt-sm","gdColumns.lt-md","gdColumns.lt-lg","gdColumns.lt-xl","gdColumns.gt-xs","gdColumns.gt-sm","gdColumns.gt-md","gdColumns.gt-lg"]}]}],"members":{}},"ɵgrid_privatey":{"__symbolic":"class","extends":{"__symbolic":"reference","module":"@angular/flex-layout/core","name":"StyleBuilder","line":24,"character":41},"decorators":[{"__symbolic":"call","expression":{"__symbolic":"reference","module":"@angular/core","name":"Injectable","line":23,"character":1},"arguments":[{"providedIn":"root"}]}],"members":{"buildStyles":[{"__symbolic":"method"}]},"statics":{"ɵprov":{}}},"ɵgrid_privatez":{"__symbolic":"class","extends":{"__symbolic":"reference","module":"@angular/flex-layout/core","name":"BaseDirective2","line":34,"character":38},"decorators":[{"__symbolic":"call","expression":{"__symbolic":"reference","module":"@angular/core","name":"Directive","line":33,"character":1}}],"members":{"inline":[{"__symbolic":"property","decorators":[{"__symbolic":"call","expression":{"__symbolic":"reference","module":"@angular/core","name":"Input","line":37,"character":3},"arguments":["gdInline"]}]}],"__ctor__":[{"__symbolic":"constructor","parameters":[{"__symbolic":"reference","module":"@angular/core","name":"ElementRef","line":42,"character":21},{"__symbolic":"reference","module":"@angular/flex-layout/core","name":"StyleUtils","line":43,"character":26},{"__symbolic":"reference","name":"ɵgrid_privatey"},{"__symbolic":"reference","module":"@angular/flex-layout/core","name":"MediaMarshaller","line":45,"character":23}]}],"updateWithValue":[{"__symbolic":"method"}]}},"ɵgrid_privateba":{"__symbolic":"class","extends":{"__symbolic":"reference","name":"ɵgrid_privatez"},"decorators":[{"__symbolic":"call","expression":{"__symbolic":"reference","module":"@angular/core","name":"Directive","line":83,"character":1},"arguments":[{"selector":"\n  [gdGap],\n  [gdGap.xs], [gdGap.sm], [gdGap.md], [gdGap.lg], [gdGap.xl],\n  [gdGap.lt-sm], [gdGap.lt-md], [gdGap.lt-lg], [gdGap.lt-xl],\n  [gdGap.gt-xs], [gdGap.gt-sm], [gdGap.gt-md], [gdGap.gt-lg]\n","inputs":["gdGap","gdGap.xs","gdGap.sm","gdGap.md","gdGap.lg","gdGap.xl","gdGap.lt-sm","gdGap.lt-md","gdGap.lt-lg","gdGap.lt-xl","gdGap.gt-xs","gdGap.gt-sm","gdGap.gt-md","gdGap.gt-lg"]}]}],"members":{}},"ɵgrid_privatebb":{"__symbolic":"class","extends":{"__symbolic":"reference","module":"@angular/flex-layout/core","name":"StyleBuilder","line":19,"character":41},"decorators":[{"__symbolic":"call","expression":{"__symbolic":"reference","module":"@angular/core","name":"Injectable","line":18,"character":1},"arguments":[{"providedIn":"root"}]}],"members":{"buildStyles":[{"__symbolic":"method"}]},"statics":{"ɵprov":{}}},"ɵgrid_privatebc":{"__symbolic":"class","extends":{"__symbolic":"reference","module":"@angular/flex-layout/core","name":"BaseDirective2","line":26,"character":38},"decorators":[{"__symbolic":"call","expression":{"__symbolic":"reference","module":"@angular/core","name":"Directive","line":25,"character":1}}],"members":{"__ctor__":[{"__symbolic":"constructor","parameters":[{"__symbolic":"reference","module":"@angular/core","name":"ElementRef","line":29,"character":26},{"__symbolic":"reference","name":"ɵgrid_privatebb"},{"__symbolic":"reference","module":"@angular/flex-layout/core","name":"StyleUtils","line":31,"character":22},{"__symbolic":"reference","module":"@angular/flex-layout/core","name":"MediaMarshaller","line":32,"character":23}]}]}},"ɵgrid_privatebd":{"__symbolic":"class","extends":{"__symbolic":"reference","name":"ɵgrid_privatebc"},"decorators":[{"__symbolic":"call","expression":{"__symbolic":"reference","module":"@angular/core","name":"Directive","line":61,"character":1},"arguments":[{"selector":"\n  [gdRow],\n  [gdRow.xs], [gdRow.sm], [gdRow.md], [gdRow.lg], [gdRow.xl],\n  [gdRow.lt-sm], [gdRow.lt-md], [gdRow.lt-lg], [gdRow.lt-xl],\n  [gdRow.gt-xs], [gdRow.gt-sm], [gdRow.gt-md], [gdRow.gt-lg]\n","inputs":["gdRow","gdRow.xs","gdRow.sm","gdRow.md","gdRow.lg","gdRow.xl","gdRow.lt-sm","gdRow.lt-md","gdRow.lt-lg","gdRow.lt-xl","gdRow.gt-xs","gdRow.gt-sm","gdRow.gt-md","gdRow.gt-lg"]}]}],"members":{}},"ɵgrid_privatebe":{"__symbolic":"class","extends":{"__symbolic":"reference","module":"@angular/flex-layout/core","name":"StyleBuilder","line":25,"character":42},"decorators":[{"__symbolic":"call","expression":{"__symbolic":"reference","module":"@angular/core","name":"Injectable","line":24,"character":1},"arguments":[{"providedIn":"root"}]}],"members":{"buildStyles":[{"__symbolic":"method"}]},"statics":{"ɵprov":{}}},"ɵgrid_privatebf":{"__symbolic":"class","extends":{"__symbolic":"reference","module":"@angular/flex-layout/core","name":"BaseDirective2","line":47,"character":39},"decorators":[{"__symbolic":"call","expression":{"__symbolic":"reference","module":"@angular/core","name":"Directive","line":46,"character":1}}],"members":{"inline":[{"__symbolic":"property","decorators":[{"__symbolic":"call","expression":{"__symbolic":"reference","module":"@angular/core","name":"Input","line":50,"character":3},"arguments":["gdInline"]}]}],"__ctor__":[{"__symbolic":"constructor","parameters":[{"__symbolic":"reference","module":"@angular/core","name":"ElementRef","line":55,"character":26},{"__symbolic":"reference","name":"ɵgrid_privatebe"},{"__symbolic":"reference","module":"@angular/flex-layout/core","name":"StyleUtils","line":57,"character":22},{"__symbolic":"reference","module":"@angular/flex-layout/core","name":"MediaMarshaller","line":58,"character":23}]}],"updateWithValue":[{"__symbolic":"method"}]}},"ɵgrid_privatebg":{"__symbolic":"class","extends":{"__symbolic":"reference","name":"ɵgrid_privatebf"},"decorators":[{"__symbolic":"call","expression":{"__symbolic":"reference","module":"@angular/core","name":"Directive","line":96,"character":1},"arguments":[{"selector":"\n  [gdRows],\n  [gdRows.xs], [gdRows.sm], [gdRows.md], [gdRows.lg], [gdRows.xl],\n  [gdRows.lt-sm], [gdRows.lt-md], [gdRows.lt-lg], [gdRows.lt-xl],\n  [gdRows.gt-xs], [gdRows.gt-sm], [gdRows.gt-md], [gdRows.gt-lg]\n","inputs":["gdRows","gdRows.xs","gdRows.sm","gdRows.md","gdRows.lg","gdRows.xl","gdRows.lt-sm","gdRows.lt-md","gdRows.lt-lg","gdRows.lt-xl","gdRows.gt-xs","gdRows.gt-sm","gdRows.gt-md","gdRows.gt-lg"]}]}],"members":{}}},"origins":{"GridModule":"./module","ɵgrid_privatea":"./grid-align/grid-align","ɵgrid_privateb":"./grid-align/grid-align","ɵgrid_privatec":"./grid-align/grid-align","ɵgrid_privated":"./align-columns/align-columns","ɵgrid_privatee":"./align-columns/align-columns","ɵgrid_privatef":"./align-columns/align-columns","ɵgrid_privateg":"./align-rows/align-rows","ɵgrid_privateh":"./align-rows/align-rows","ɵgrid_privatei":"./align-rows/align-rows","ɵgrid_privatej":"./area/area","ɵgrid_privatek":"./area/area","ɵgrid_privatel":"./area/area","ɵgrid_privatem":"./areas/areas","ɵgrid_privaten":"./areas/areas","ɵgrid_privateo":"./areas/areas","ɵgrid_privatep":"./auto/auto","ɵgrid_privateq":"./auto/auto","ɵgrid_privater":"./auto/auto","ɵgrid_privates":"./column/column","ɵgrid_privatet":"./column/column","ɵgrid_privateu":"./column/column","ɵgrid_privatev":"./columns/columns","ɵgrid_privatew":"./columns/columns","ɵgrid_privatex":"./columns/columns","ɵgrid_privatey":"./gap/gap","ɵgrid_privatez":"./gap/gap","ɵgrid_privateba":"./gap/gap","ɵgrid_privatebb":"./row/row","ɵgrid_privatebc":"./row/row","ɵgrid_privatebd":"./row/row","ɵgrid_privatebe":"./rows/rows","ɵgrid_privatebf":"./rows/rows","ɵgrid_privatebg":"./rows/rows"},"importAs":"@angular/flex-layout/grid"}