{"__symbolic":"module","version":4,"exports":[{"from":"@angular/flex-layout/core"},{"from":"@angular/flex-layout/extended"},{"from":"@angular/flex-layout/flex"},{"from":"@angular/flex-layout/grid"}],"metadata":{"VERSION":{"__symbolic":"new","expression":{"__symbolic":"reference","module":"@angular/core","name":"Version","line":11,"character":27},"arguments":["12.0.0-beta.34"]},"FlexLayoutModule":{"__symbolic":"class","decorators":[{"__symbolic":"call","expression":{"__symbolic":"reference","module":"@angular/core","name":"NgModule","line":28,"character":1},"arguments":[{"imports":[{"__symbolic":"reference","module":"@angular/flex-layout/flex","name":"FlexModule","line":29,"character":12},{"__symbolic":"reference","module":"@angular/flex-layout/extended","name":"ExtendedModule","line":29,"character":24},{"__symbolic":"reference","module":"@angular/flex-layout/grid","name":"GridModule","line":29,"character":40}],"exports":[{"__symbolic":"reference","module":"@angular/flex-layout/flex","name":"FlexModule","line":30,"character":12},{"__symbolic":"reference","module":"@angular/flex-layout/extended","name":"ExtendedModule","line":30,"character":24},{"__symbolic":"reference","module":"@angular/flex-layout/grid","name":"GridModule","line":30,"character":40}]}]}],"members":{"__ctor__":[{"__symbolic":"constructor","parameterDecorators":[[{"__symbolic":"call","expression":{"__symbolic":"reference","module":"@angular/core","name":"Inject","line":55,"character":15},"arguments":[{"__symbolic":"reference","module":"@angular/flex-layout/core","name":"SERVER_TOKEN","line":55,"character":22}]}],[{"__symbolic":"call","expression":{"__symbolic":"reference","module":"@angular/core","name":"Inject","line":56,"character":15},"arguments":[{"__symbolic":"reference","module":"@angular/core","name":"PLATFORM_ID","line":56,"character":22}]}]],"parameters":[{"__symbolic":"reference","name":"boolean"},{"__symbolic":"reference","name":"Object"}]}]},"statics":{"withConfig":{"__symbolic":"function","parameters":["configOptions","breakpoints"],"defaults":[null,[]],"value":{"ngModule":{"__symbolic":"reference","name":"FlexLayoutModule"},"providers":{"__symbolic":"if","condition":{"__symbolic":"select","expression":{"__symbolic":"reference","name":"configOptions"},"member":"serverLoaded"},"thenExpression":[{"provide":{"__symbolic":"reference","module":"@angular/flex-layout/core","name":"LAYOUT_CONFIG","line":45,"character":20},"useValue":{}},{"provide":{"__symbolic":"reference","module":"@angular/flex-layout/core","name":"BREAKPOINT","line":46,"character":20},"useValue":{"__symbolic":"reference","name":"breakpoints"},"multi":true},{"provide":{"__symbolic":"reference","module":"@angular/flex-layout/core","name":"SERVER_TOKEN","line":47,"character":20},"useValue":true}],"elseExpression":[{"provide":{"__symbolic":"reference","module":"@angular/flex-layout/core","name":"LAYOUT_CONFIG","line":49,"character":20},"useValue":{}},{"provide":{"__symbolic":"reference","module":"@angular/flex-layout/core","name":"BREAKPOINT","line":50,"character":20},"useValue":{"__symbolic":"reference","name":"breakpoints"},"multi":true}]}}}}}},"origins":{"VERSION":"./version","FlexLayoutModule":"./module"},"importAs":"@angular/flex-layout"}